time                 ,shank_x                ,shank_y                 ,shank_z                ,thigh_x                 ,thigh_y                 ,thigh_z              ,trunk_x                ,trunk_y               ,trunk_z
0.0                  ,0.007403467781841755   ,-0.007081572897732258   ,0.12825393676757812    ,-0.008774923160672188   ,0.009649863466620445    ,-0.30495262145996094 ,-0.0039602965116500854 ,-0.01788710430264473  ,-0.21338176727294922
0.016666666666666666 ,0.001505403546616435   ,0.0080722626298666      ,0.1238861083984375     ,-0.0006962078623473644  ,-0.008013283833861351   ,-0.3052635192871094  ,-0.018515978008508682  ,-0.01746787130832672  ,-0.2323169708251953
0.03333333333333333  ,0.010687356814742088   ,-0.012713968753814697   ,0.10742759704589844    ,0.0006730952300131321   ,-0.0015019476413726807  ,-0.3130054473876953  ,-0.02756102755665779   ,0.00787850096821785   ,-0.2278881072998047
0.05                 ,-0.0010780924931168556 ,-0.00030896865064278245 ,0.1199197769165039     ,0.026406865566968918    ,-0.0032382416538894176  ,-0.29833221435546875 ,-0.036327555775642395  ,0.007419339381158352  ,-0.25788116455078125
0.06666666666666667  ,-0.014739109203219414  ,0.004428215324878693    ,0.15110397338867188    ,0.0017972118221223354   ,-0.015289504081010818   ,-0.3028402328491211  ,-0.15501165390014648   ,0.20414525270462036   ,-0.25824928283691406
0.08333333333333333  ,0.02294115349650383    ,0.00034754694206640124  ,0.14177608489990234    ,-0.020816046744585037   ,-0.036995306611061096   ,-0.3450193405151367  ,-0.6097095012664795    ,0.4404370188713074    ,-0.27222442626953125
0.1                  ,0.057843200862407684   ,-0.031839519739151      ,0.09541511535644531    ,0.010957177728414536    ,-0.07050320506095886    ,-0.3357095718383789  ,-0.11559706926345825   ,0.2253653109073639    ,-0.2354145050048828
0.11666666666666667  ,0.005190066993236542   ,-0.011774472892284393   ,0.1558237075805664     ,0.00828327052295208     ,-0.020226288586854935   ,-0.2933063507080078  ,-0.20629245042800903   ,0.24678179621696472   ,-0.2223339080810547
0.13333333333333333  ,-0.028055265545845032  ,0.008350405842065811    ,0.14481449127197266    ,-0.01839478686451912    ,0.023650862276554108    ,-0.3203258514404297  ,-1.1551125049591064    ,0.5263004302978516    ,-0.3048591613769531
0.15                 ,-0.04101090878248215   ,0.013676045462489128    ,0.101470947265625      ,-0.017818234860897064   ,-0.028870344161987305   ,-0.30634212493896484 ,-1.311166524887085     ,0.3467938303947449    ,-0.2944498062133789
0.16666666666666666  ,-0.30808329582214355   ,-0.10649922490119934    ,0.13336467742919922    ,-0.011036915704607964   ,0.006012149155139923    ,-0.30770397186279297 ,1.5032985210418701     ,0.13364872336387634   ,-0.21007919311523438
0.18333333333333332  ,0.8622279167175293     ,-0.09409663081169128    ,0.1522197723388672     ,-0.004619292914867401   ,-0.03124053031206131    ,-0.3165416717529297  ,-0.24362224340438843   ,-0.6640524864196777   ,-0.27026939392089844
0.2                  ,2.1602063179016113     ,-0.40579521656036377    ,0.18600845336914062    ,-0.0019802688620984554  ,-0.005921958014369011   ,-0.30205821990966797 ,-0.3391627073287964    ,0.4424723982810974    ,-0.2515573501586914
0.21666666666666667  ,-2.02717924118042      ,-0.8712815046310425     ,-0.06311225891113281   ,0.008449167013168335    ,-0.01870119944214821    ,-0.30381107330322266 ,0.9881621599197388     ,-0.860230565071106    ,-0.4074840545654297
0.23333333333333334  ,2.3936877250671387     ,0.35105466842651367     ,0.14488792419433594    ,0.010547876358032227    ,-0.014331705868244171   ,-0.32689762115478516 ,1.044623851776123      ,-1.2387466430664062   ,-0.4610109329223633
0.25                 ,1.5501813888549805     ,0.6990318298339844      ,0.1544952392578125     ,-0.022858884185552597   ,-0.022786471992731094   ,-0.3189067840576172  ,-0.87809157371521      ,1.768873929977417     ,-0.30536365509033203
0.26666666666666666  ,-2.2373671531677246    ,-0.5656640529632568     ,0.08359050750732422    ,-0.011285344138741493   ,-0.02201811596751213    ,-0.31374168395996094 ,0.6353147029876709     ,-1.670426607131958    ,-0.2338886260986328
0.2833333333333333   ,-0.1830533742904663    ,-0.10040824115276337    ,0.5662603378295898     ,0.014965714886784554    ,-0.015582093968987465   ,-0.2787952423095703  ,-1.0877833366394043    ,1.431523084640503     ,0.0065670013427734375
0.3                  ,0.8169350624084473     ,0.1276116967201233      ,0.12261962890625       ,-0.010612750425934792   ,-0.008447850123047829   ,-0.3029518127441406  ,-0.3410600423812866    ,0.4887104034423828    ,-0.12782001495361328
0.31666666666666665  ,1.4660861492156982     ,0.8456745147705078      ,0.17409133911132812    ,-0.0010221595875918865  ,-0.0079831313341856     ,-0.2997856140136719  ,-0.3538290858268738    ,0.34839147329330444   ,-0.28693675994873047
0.3333333333333333   ,-9.851079940795898     ,0.853913426399231       ,-0.2937440872192383    ,-0.004001307301223278   ,-0.005607918836176395   ,-0.3092670440673828  ,-0.34255385398864746   ,0.36341094970703125   ,-0.21674060821533203
0.35                 ,-1.9382939338684082    ,-2.735053062438965      ,-0.046982765197753906  ,0.00907461903989315     ,-0.016762584447860718   ,-0.33655548095703125 ,-0.3519551157951355    ,0.3588351607322693    ,-0.2418527603149414
0.36666666666666664  ,3.3190746307373047     ,0.9130173921585083      ,0.3475608825683594     ,0.01106783002614975     ,-0.014246787875890732   ,-0.2902040481567383  ,-0.3513658046722412    ,0.35830849409103394   ,-0.2523527145385742
0.38333333333333336  ,-2.0074567794799805    ,-0.41891998052597046    ,0.12845611572265625    ,0.010884884744882584    ,-0.02912793681025505    ,-0.3172264099121094  ,-0.3525969982147217    ,0.34995806217193604   ,-0.2476663589477539
0.4                  ,-2.3438806533813477    ,-1.0785083770751953     ,0.11698246002197266    ,0.020259588956832886    ,-0.01267833448946476    ,-0.3189973831176758  ,-0.34719687700271606   ,0.3271012306213379    ,-0.22583389282226562
0.4166666666666667   ,2.040189266204834      ,0.3574814200401306      ,0.12876415252685547    ,0.018234897404909134    ,0.002578724641352892    ,-0.27571678161621094 ,-0.3331306576728821    ,0.3128287196159363    ,-0.2571096420288086
0.43333333333333335  ,2.9118599891662598     ,0.5587784051895142      ,0.419769287109375      ,-0.006575813516974449   ,-0.02409036085009575    ,-0.3077859878540039  ,-0.3335292935371399    ,0.3201858401298523    ,-0.25002574920654297
0.45                 ,-1.6190974712371826    ,-1.7131445407867432     ,0.16835784912109375    ,-0.007156269624829292   ,2.8490914701251313e-05  ,-0.3113584518432617  ,-0.3307623267173767    ,0.30720728635787964   ,-0.2486886978149414
0.4666666666666667   ,-0.44671595096588135   ,-0.8880170583724976     ,0.014496803283691406   ,-0.009566808119416237   ,-0.01410679705440998    ,-0.29709815979003906 ,-0.32276594638824463   ,0.30958056449890137   ,-0.24406719207763672
0.48333333333333334  ,4.436866760253906      ,1.731261968612671       ,0.1072998046875        ,0.010712401941418648    ,-0.02858976647257805    ,-0.2998380661010742  ,-0.3081638813018799    ,0.30142343044281006   ,-0.2283611297607422
0.5                  ,-0.2892723083496094    ,-0.5928348302841187     ,0.062308311462402344   ,-0.008465168997645378   ,-0.013746295124292374   ,-0.3149909973144531  ,-0.3098282217979431    ,0.2800515294075012    ,-0.2408275604248047
0.5166666666666667   ,-3.1969985961914062    ,-1.9151113033294678     ,0.053040504455566406   ,0.002251201309263706    ,-0.015042243525385857   ,-0.3109102249145508  ,-0.3078591227531433    ,0.2853814363479614    ,-0.2559843063354492
0.5333333333333333   ,1.8744838237762451     ,2.1736884117126465      ,-0.1353006362915039    ,-0.00037674506893381476 ,-0.012875553220510483   ,-0.29285717010498047 ,-0.3004593849182129    ,0.2750176787376404    ,-0.2249908447265625
0.55                 ,1.811164140701294      ,-0.13744708895683289    ,0.3409748077392578     ,0.010595854371786118    ,-0.01906891167163849    ,-0.3088102340698242  ,-0.2810479402542114    ,0.24492231011390686   ,-0.23937129974365234
0.5666666666666667   ,-1.3563740253448486    ,-0.35894620418548584    ,0.22130107879638672    ,-0.00023773396969772875 ,-0.012282270938158035   ,-0.2985992431640625  ,-0.27966588735580444   ,0.24985483288764954   ,-0.2671051025390625
0.5833333333333334   ,2.4705142974853516     ,0.776821494102478       ,-0.03110027313232422   ,0.004128808155655861    ,-0.00724869966506958    ,-0.3116321563720703  ,-0.26830339431762695   ,0.240346759557724     ,-0.2490854263305664
0.6                  ,2.765878677368164      ,1.389770746231079       ,0.2529258728027344     ,-0.0008117082761600614  ,-0.00837981142103672    ,-0.30181217193603516 ,-0.2561970353126526    ,0.22006121277809143   ,-0.2530374526977539
0.6166666666666667   ,-1.533475399017334     ,-0.9918673038482666     ,0.05286407470703125    ,-0.0002539596171118319  ,0.01220109686255455     ,-0.3227519989013672  ,-0.24327751994132996   ,0.23158743977546692   ,-0.22391223907470703
0.6333333333333333   ,-1.1464810371398926    ,-0.6564702987670898     ,0.17449092864990234    ,-0.004977026022970676   ,-0.00755704939365387    ,-0.31154823303222656 ,0.02444535866379738    ,3.523869514465332     ,-0.7552967071533203
0.65                 ,1.0670356750488281     ,0.8901379108428955      ,0.2556915283203125     ,0.004820866510272026    ,-0.004394610412418842   ,-0.30042171478271484 ,1.2903051376342773     ,-0.9406536817550659   ,-0.21957683563232422
0.6666666666666666   ,0.08666214346885681    ,-0.09997867047786713    ,0.11969757080078125    ,-0.0003268178552389145  ,-0.0028173280879855156  ,-0.31167030334472656 ,0.5859235525131226     ,0.09994523227214813   ,-0.14013385772705078
0.6833333333333333   ,0.05309530347585678    ,-0.11371368169784546    ,0.09765052795410156    ,-0.012469906359910965   ,-0.020273927599191666   ,-0.3022928237915039  ,-2.3617186546325684    ,3.930044651031494     ,-0.44490718841552734
0.7                  ,0.05648190528154373    ,-0.11578238010406494    ,0.15167808532714844    ,-0.013024086132645607   ,0.004773523658514023    ,-0.33036327362060547 ,1.4433095455169678     ,-0.9359034299850464   ,-0.11678886413574219
0.7166666666666667   ,0.0625939816236496     ,-0.12254996597766876    ,0.12242507934570312    ,-0.08351346850395203    ,0.3356919288635254      ,-0.31481456756591797 ,-0.764426589012146     ,0.9266641139984131    ,-0.21708106994628906
0.7333333333333333   ,0.08572237193584442    ,-0.09698818624019623    ,0.11585330963134766    ,-1.1083300113677979     ,1.4964487552642822      ,-0.3297243118286133  ,0.3947254419326782     ,0.20512837171554565   ,-0.054058074951171875
0.75                 ,0.06675221025943756    ,-0.10404807329177856    ,0.11784744262695312    ,3.082606792449951       ,-3.8671345710754395     ,-0.39055919647216797 ,-0.8665542602539062    ,0.8254890441894531    ,-0.1944408416748047
0.7666666666666667   ,0.07918296754360199    ,-0.10698497295379639    ,0.13645267486572266    ,-2.488638401031494      ,2.9412083625793457      ,-0.3685426712036133  ,-0.24750179052352905   ,0.2573789358139038    ,-0.2563285827636719
0.7833333333333333   ,0.050206854939460754   ,-0.10505928099155426    ,0.11687469482421875    ,0.5209674835205078      ,-5.607824325561523      ,-0.25664710998535156 ,0.029879197478294373   ,0.625603437423706     ,-0.3994770050048828
0.8                  ,0.07102595269680023    ,-0.10042528808116913    ,0.1297893524169922     ,1.9169211387634277      ,-0.7079204320907593     ,-0.41962432861328125 ,0.21918004751205444    ,-0.7030967473983765   ,-0.11278152465820312
0.8166666666666667   ,0.07408197224140167    ,-0.10242031514644623    ,0.15355682373046875    ,1.234177827835083       ,-1.6817889213562012     ,-0.43184471130371094 ,0.35796236991882324    ,-1.2847270965576172   ,-0.13974857330322266
0.8333333333333334   ,0.06699156761169434    ,-0.09030286967754364    ,0.11522197723388672    ,-1.787165880203247      ,3.8455748558044434      ,-0.31414794921875    ,-0.5778946876525879    ,0.20785292983055115   ,-0.2898387908935547
0.85                 ,0.042572639882564545   ,-0.08681333065032959    ,0.12355709075927734    ,-2.905625343322754      ,-0.618981122970581      ,-0.04999828338623047 ,0.2607731819152832     ,-0.2187669575214386   ,-0.21772193908691406
0.8666666666666667   ,0.08452442288398743    ,-0.08927366137504578    ,0.11872673034667969    ,1.5880963802337646      ,-3.5678677558898926     ,-0.26438236236572266 ,-0.16644060611724854   ,0.10017062723636627   ,-0.22845745086669922
0.8833333333333333   ,0.07961611449718475    ,-0.10862581431865692    ,0.12988853454589844    ,2.1429600715637207      ,0.3460235595703125      ,-0.309326171875      ,-0.16838058829307556   ,0.10711538791656494   ,-0.21903705596923828
0.9                  ,0.04364936053752899    ,-0.09493798017501831    ,0.14732074737548828    ,-0.020664379000663757   ,1.057861328125          ,-0.3317451477050781  ,-0.0855412632226944    ,0.15812978148460388   ,-0.24767398834228516
0.9166666666666666   ,0.0600862056016922     ,-0.09887857735157013    ,0.14340972900390625    ,0.37900447845458984     ,-0.4355716109275818     ,-0.31479358673095703 ,-0.18008694052696228   ,0.1297549605369568    ,-0.21391582489013672
0.9333333333333333   ,0.06878368556499481    ,-0.08254244923591614    ,0.12511062622070312    ,0.10381545126438141     ,1.384427785873413       ,-0.5170450210571289  ,-0.14660808444023132   ,0.137955904006958     ,-0.2113494873046875
0.95                 ,0.06850792467594147    ,-0.08993533253669739    ,0.15537071228027344    ,-2.002751350402832      ,5.5814056396484375      ,-0.2465076446533203  ,-0.17848166823387146   ,0.09891554713249207   ,-0.21767425537109375
0.9666666666666667   ,0.09078781306743622    ,-0.15280058979988098    ,0.17125988006591797    ,0.2303224802017212      ,-0.529808521270752      ,-0.2985086441040039  ,-0.1535871922969818    ,0.10761523246765137   ,-0.23836898803710938
0.9833333333333333   ,0.06852908432483673    ,-0.08184902369976044    ,0.1462392807006836     ,-1.4300179481506348     ,2.6040258407592773      ,-0.32103729248046875 ,-2.006990909576416     ,2.714020252227783     ,-0.2241668701171875
1.0                  ,0.05550357699394226    ,-0.06279666721820831    ,0.13898468017578125    ,0.472469687461853       ,-0.8877156972885132     ,-0.2680225372314453  ,-1.0756161212921143    ,-0.6095864772796631   ,-0.16118621826171875
1.0166666666666666   ,-0.09583835303783417   ,0.11801782250404358     ,0.13851261138916016    ,-0.03277129679918289    ,-0.011584458872675896   ,-0.2901153564453125  ,0.12356191873550415    ,-0.92827308177948     ,-0.21389198303222656
1.0333333333333334   ,0.16033896803855896    ,-0.14961734414100647    ,0.1447906494140625     ,-0.02919074147939682    ,-0.027093015611171722   ,-0.33107948303222656 ,-0.30499857664108276   ,5.342413902282715     ,-0.2354888916015625
1.05                 ,0.03971479833126068    ,-0.061993956565856934   ,0.1427459716796875     ,-0.026330728083848953   ,-0.019458085298538208   ,-0.3036050796508789  ,-2.813394546508789     ,2.2736082077026367    ,-0.13518047332763672
1.0666666666666667   ,0.06645774841308594    ,-0.05535174906253815    ,0.13330364227294922    ,-0.013904957100749016   ,-0.016073759645223618   ,-0.3263978958129883  ,-0.5991601943969727    ,-1.6007184982299805   ,-0.16801929473876953
1.0833333333333333   ,0.05424440652132034    ,-0.05660764127969742    ,0.11710071563720703    ,-0.019395630806684494   ,-0.018366795033216476   ,-0.32524871826171875 ,2.6366147994995117     ,1.007718801498413     ,-0.09913349151611328
1.1                  ,0.1712033450603485     ,-0.11564838886260986    ,0.11426925659179688    ,-0.07434077560901642    ,0.23123586177825928     ,-0.2824592590332031  ,-2.243013858795166     ,1.1720952987670898    ,-0.2214365005493164
1.1166666666666667   ,0.038430601358413696   ,-0.058575838804244995   ,0.13874530792236328    ,-0.02902236580848694    ,-0.03844171762466431    ,-0.3293609619140625  ,-0.1872672736644745    ,-0.9472354650497437   ,-0.3527030944824219
1.1333333333333333   ,0.048697859048843384   ,-0.05728089064359665    ,0.13536453247070312    ,0.026136208325624466    ,0.2538858652114868      ,-0.307769775390625   ,-2.0847744941711426    ,-2.656869888305664    ,-0.5695028305053711
1.15                 ,0.042422086000442505   ,-0.056404344737529755   ,0.1168365478515625     ,-0.08177614212036133    ,-0.33766651153564453    ,-0.3117218017578125  ,1.9028122425079346     ,4.701289176940918     ,-0.26737022399902344
1.1666666666666667   ,0.08647775650024414    ,-0.0965699702501297     ,0.1425762176513672     ,-0.009302344173192978   ,0.09103131294250488     ,-0.30025196075439453 ,-2.3675293922424316    ,-2.9538302421569824   ,-0.39672279357910156
1.1833333333333333   ,0.06879904866218567    ,-0.05611366778612137    ,0.10054874420166016    ,-0.07096171379089355    ,-0.027645505964756012   ,-0.27573394775390625 ,-1.6729543209075928    ,-3.0779361724853516   ,-0.43807506561279297
1.2                  ,0.03141822665929794    ,-0.05400967597961426    ,0.1759500503540039     ,-0.06521077454090118    ,-0.012065865099430084   ,-0.3206977844238281  ,2.4640369415283203     ,3.0521349906921387    ,0.009650230407714844
1.2166666666666666   ,0.04500199854373932    ,-0.05865826457738876    ,0.13036823272705078    ,-0.034545645117759705   ,-0.002188778482377529   ,-0.33165740966796875 ,-1.0598115921020508    ,1.644519329071045     ,-0.21519088745117188
1.2333333333333334   ,0.03569600731134415    ,-0.03213317692279816    ,0.1506786346435547     ,-0.06441289186477661    ,0.023495540022850037    ,-0.3212165832519531  ,-3.400695323944092     ,-3.2501049041748047   ,-0.32292842864990234
1.25                 ,0.03855329751968384    ,-0.062159039080142975   ,0.13665771484375       ,-0.036023013293743134   ,-0.01046908088028431    ,-0.30303478240966797 ,0.5619306564331055     ,0.8713462352752686    ,-0.21245574951171875
1.2666666666666666   ,0.02940715104341507    ,-0.02575727552175522    ,0.12943553924560547    ,-0.038741208612918854   ,-0.009598826989531517   ,-0.3436298370361328  ,-2.2038989067077637    ,-1.7844669818878174   ,0.041764259338378906
1.2833333333333334   ,0.03342537581920624    ,-0.0443086177110672     ,0.12841796875          ,-0.0429791659116745     ,-0.023492466658353806   ,-0.3042316436767578  ,-0.14883166551589966   ,-4.358034133911133    ,-0.13118648529052734
1.3                  ,0.019796021282672882   ,-0.05545748770236969    ,0.14259624481201172    ,-0.04577317088842392    ,-0.01934320107102394    ,-0.316864013671875   ,-1.0392022132873535    ,1.963670253753662     ,-0.28340625762939453
1.3166666666666667   ,0.04041188210248947    ,-0.057697370648384094   ,0.13486862182617188    ,-0.036425523459911346   ,-0.029036495834589005   ,-0.3108634948730469  ,3.3321218490600586     ,5.095667839050293     ,-0.2644338607788086
1.3333333333333333   ,0.049893818795681      ,-0.03388022631406784    ,0.1246042251586914     ,-0.03910239785909653    ,-0.02075313776731491    ,-0.3218564987182617  ,-1.196678876876831     ,-1.7260215282440186   ,-0.4056415557861328
1.35                 ,0.037504442036151886   ,-0.08122086524963379    ,0.15607547760009766    ,-0.037269122898578644   ,-0.04069562256336212    ,-0.33174991607666016 ,-1.3245408535003662    ,-3.206970691680908    ,-0.23992443084716797
1.3666666666666667   ,0.01703784242272377    ,-0.03382715582847595    ,0.11936283111572266    ,-0.02938755974173546    ,-0.019587460905313492   ,-0.31277942657470703 ,2.087867259979248      ,2.612490653991699     ,-0.2736787796020508
1.3833333333333333   ,0.03135158121585846    ,-0.0341048464179039     ,0.13286113739013672    ,-0.04528709501028061    ,-0.018367953598499298   ,-0.30391979217529297 ,-0.20438387989997864   ,2.2718586921691895    ,-0.6178951263427734
1.4                  ,0.020076565444469452   ,-0.04310781508684158    ,0.12202262878417969    ,-0.031076431274414062   ,-0.02558707818388939    ,-0.29595947265625    ,-0.3224347233772278    ,-3.1992311477661133   ,-0.15195941925048828
1.4166666666666667   ,0.3758438229560852     ,-0.34155410528182983    ,0.12373065948486328    ,-0.030472300946712494   ,-0.015276875346899033   ,-0.30318355560302734 ,-0.21174579858779907   ,1.0700855255126953    ,-0.25317955017089844
1.4333333333333333   ,0.04834988713264465    ,-0.14609283208847046    ,0.21627140045166016    ,-0.025089070200920105   ,-0.025161657482385635   ,-0.3187732696533203  ,3.4110207557678223     ,5.816197395324707     ,-0.34477806091308594
1.45                 ,0.048980385065078735   ,-0.04589163511991501    ,0.13915538787841797    ,-0.024484433233737946   ,-0.01991679146885872    ,-0.32059478759765625 ,-1.5480127334594727    ,-2.706578254699707    ,-0.4624137878417969
1.4666666666666666   ,0.039648085832595825   ,-0.049127548933029175   ,0.12130069732666016    ,-0.044145286083221436   ,-0.016790051013231277   ,-0.31665802001953125 ,-1.1652741432189941    ,-3.597649574279785    ,-0.25250911712646484
1.4833333333333334   ,0.033274099230766296   ,-0.03284826874732971    ,0.11152076721191406    ,-0.035051390528678894   ,-0.019425418227910995   ,-0.2976255416870117  ,2.069431781768799      ,2.315868854522705     ,-0.5092535018920898
1.5                  ,0.03554081916809082    ,-0.04400062561035156    ,0.13000011444091797    ,-0.04112144559621811    ,-0.020588502287864685   ,-0.3141355514526367  ,2.315554618835449      ,4.049280166625977     ,-0.03727436065673828
1.5166666666666666   ,0.03713448345661163    ,-0.02832166850566864    ,0.11806297302246094    ,-0.03596729785203934    ,-0.006855924613773823   ,-0.3160972595214844  ,0.4242061972618103     ,-3.3878698348999023   ,-0.18609237670898438
1.5333333333333334   ,0.029159318655729294   ,-0.037877537310123444   ,0.13474082946777344    ,-0.03625515103340149    ,-0.02235688641667366    ,-0.32663440704345703 ,0.08647578954696655    ,1.1128699779510498    ,-0.2280874252319336
1.55                 ,0.04206749051809311    ,-0.037355922162532806   ,0.14246177673339844    ,-0.039046794176101685   ,-0.011954694986343384   ,-0.2993192672729492  ,-0.0807194858789444    ,0.08938097953796387   ,-0.24356937408447266
1.5666666666666667   ,0.042053237557411194   ,-0.03571770340204239    ,0.12937450408935547    ,-0.04111870378255844    ,-0.02134961262345314    ,-0.33466148376464844 ,-2.3503198623657227    ,-2.9398326873779297   ,-0.2945737838745117
1.5833333333333333   ,0.031155597418546677   ,-0.040594957768917084   ,0.11834049224853516    ,0.003300440963357687    ,-0.22871676087379456    ,-0.31110477447509766 ,-0.9321037530899048    ,-0.7855648994445801   ,-0.008716583251953125
1.6                  ,0.039154842495918274   ,-0.04857154190540314    ,0.13125133514404297    ,-0.03126227855682373    ,-0.014247933402657509   ,-0.31085872650146484 ,1.2773020267486572     ,1.3647289276123047    ,-0.05831336975097656
1.6166666666666667   ,-0.0716942548751831    ,-0.0003151672426611185  ,0.17550182342529297    ,-0.03702736645936966    ,-0.028036534786224365   ,-0.3058280944824219  ,1.1647818088531494     ,1.982769250869751     ,-0.31634998321533203
1.6333333333333333   ,2.6531052589416504     ,1.3052682876586914      ,0.4352569580078125     ,-0.04807894676923752    ,-0.34395140409469604    ,-0.29236507415771484 ,-0.30758440494537354   ,-0.40005606412887573  ,-0.21689319610595703
1.65                 ,-6.113367080688477     ,1.798030138015747       ,-0.19244766235351562   ,0.33991456031799316     ,-1.1297526359558105     ,-0.5961437225341797  ,-0.9423257112503052    ,-0.3210409879684448   ,-0.23778152465820312
1.6666666666666667   ,2.007645606994629      ,3.1383514404296875      ,0.1684112548828125     ,0.5726742744445801      ,-1.150221824645996      ,-0.3197593688964844  ,0.0026421472430229187  ,0.044827379286289215  ,-0.2198467254638672
1.6833333333333333   ,-6.093959808349609     ,2.932892322540283       ,-0.40506553649902344   ,0.838373064994812       ,-1.1886837482452393     ,-0.2976531982421875  ,-0.008894896134734154  ,0.029266834259033203  ,-0.21148967742919922
1.7                  ,-2.1023383140563965    ,2.338277816772461       ,0.10833168029785156    ,0.6818206310272217      ,-0.4996030330657959     ,-0.2743949890136719  ,0.6204957962036133     ,-0.41479599475860596  ,-0.36667919158935547
1.7166666666666666   ,5.401254653930664      ,0.3398091197013855      ,0.39589405059814453    ,-0.043709561228752136   ,-0.02743183821439743    ,-0.31938838958740234 ,-0.020784690976142883  ,0.03886956721544266   ,-0.248291015625
1.7333333333333334   ,1.182363748550415      ,-4.043217658996582      ,0.6552057266235352     ,-0.043315619230270386   ,-0.034076862037181854   ,-0.29176807403564453 ,0.725415825843811      ,-1.990755558013916    ,-0.413909912109375
1.75                 ,-2.0717735290527344    ,2.268293857574463       ,-0.014972686767578125  ,-0.24904027581214905    ,0.8702764511108398      ,-0.4827117919921875  ,0.31670254468917847    ,0.3657863140106201    ,-0.12014579772949219
1.7666666666666666   ,2.240013599395752      ,1.0858283042907715      ,-0.3366975784301758    ,-0.03283855319023132    ,-0.02624981477856636    ,-0.31624889373779297 ,-6.682791709899902     ,-2.774014472961426    ,-0.4581928253173828
1.7833333333333334   ,0.856297492980957      ,-1.4621081352233887     ,0.1724863052368164     ,-0.052197232842445374   ,-0.034266091883182526   ,-0.31905460357666016 ,-1.947866439819336     ,-3.069457530975342    ,-0.27753257751464844
1.8                  ,-1.9321191310882568    ,-0.3012393116950989     ,-0.01598834991455078   ,-0.03295758366584778    ,-0.025041036307811737   ,-0.30690765380859375 ,3.315852165222168      ,2.4985857009887695    ,-0.016078948974609375
1.8166666666666667   ,-1.6970109939575195    ,1.0668420791625977      ,0.1236734390258789     ,-0.038935087621212006   ,-0.020632967352867126   ,-0.30837059020996094 ,3.5125389099121094     ,2.7955689430236816    ,-0.17372512817382812
1.8333333333333333   ,1.253920078277588      ,-1.5134210586547852     ,-0.15209388732910156   ,-0.02650783210992813    ,-0.016783442348241806   ,-0.30210113525390625 ,-1.9707419872283936    ,-1.789837121963501    ,-0.2401285171508789
1.85                 ,3.197535991668701      ,-2.0885887145996094     ,0.16455364227294922    ,-0.035437099635601044   ,-0.025164078921079636   ,-0.33873939514160156 ,-2.842188835144043     ,-2.2127795219421387   ,-0.22574901580810547
1.8666666666666667   ,-2.4717588424682617    ,1.9341187477111816      ,0.2507152557373047     ,-0.03870244324207306    ,-0.02952500432729721    ,-0.3118000030517578  ,1.1641719341278076     ,1.3885202407836914    ,-0.154876708984375
1.8833333333333333   ,0.27298009395599365    ,0.6074085235595703      ,0.04307365417480469    ,-0.040510401129722595   ,-0.025066930800676346   ,-0.3060340881347656  ,0.004370172508060932   ,0.019024331122636795  ,-0.2409515380859375
1.9                  ,-0.025822535157203674  ,-0.08233535289764404    ,0.13008880615234375    ,-0.049770064651966095   ,-0.02308095619082451    ,-0.33655261993408203 ,0.05234145373106003    ,0.1772315502166748    ,-0.1564168930053711
1.9166666666666667   ,-0.07171833515167236   ,-0.12679973244667053    ,0.1318521499633789     ,-0.026517309248447418   ,-0.010348321869969368   ,-0.3230619430541992  ,-0.43482327461242676   ,0.4446927309036255    ,-0.20355606079101562
1.9333333333333333   ,0.46658581495285034    ,0.6318166255950928      ,0.1278076171875        ,-0.03899569809436798    ,-0.022532828152179718   ,-0.3192777633666992  ,0.47829824686050415    ,0.9165678024291992    ,-0.24079132080078125
1.95                 ,-0.02991378679871559   ,0.1470826268196106      ,0.16661548614501953    ,-0.021295316517353058   ,-0.02448226511478424    ,-0.31191444396972656 ,-0.05690106004476547   ,0.004743468947708607  ,-0.22075557708740234
1.9666666666666666   ,0.3859105706214905     ,-1.0223331451416016     ,0.5581321716308594     ,-0.03252299875020981    ,-0.0433802530169487     ,-0.3072347640991211  ,0.12426820397377014    ,0.46169185638427734   ,0.28326988220214844
1.9833333333333334   ,-0.24546977877616882   ,-0.8090285062789917     ,0.11376285552978516    ,-0.28871649503707886    ,1.0692849159240723      ,-0.3621692657470703  ,-0.22463583946228027   ,0.6470626592636108    ,0.018723487854003906
2.0                  ,-3.1974000930786133    ,1.3970668315887451      ,0.8748855590820312     ,-0.06819552183151245    ,-0.03133143484592438    ,-0.30017757415771484 ,0.4878386855125427     ,-3.1252079010009766   ,2.5296525955200195
2.0166666666666666   ,0.6201709508895874     ,2.5452628135681152      ,6.386844635009766      ,-0.05050216615200043    ,-0.028180640190839767   ,-0.3154106140136719  ,-0.7220673561096191    ,-3.7205138206481934   ,-3.458096981048584
2.033333333333333    ,0.4744300842285156     ,1.3838450908660889      ,-4.148344993591309     ,-0.06139053404331207    ,-0.030198898166418076   ,-0.31413936614990234 ,-0.6090734004974365    ,7.462519645690918     ,-1.712691307067871
2.05                 ,-3.9501357078552246    ,-3.679948329925537      ,1.6861848831176758     ,-0.04249536991119385    ,-0.018728390336036682   ,-0.28464698791503906 ,-1.509937047958374     ,3.5561556816101074    ,-0.6519479751586914
2.066666666666667    ,-0.9240721464157104    ,-1.3434677124023438     ,-1.6820030212402344    ,-0.05952126532793045    ,-0.031291380524635315   ,-0.3379793167114258  ,1.1851887702941895     ,-5.120637893676758    ,0.6918954849243164
2.0833333333333335   ,5.669424057006836      ,4.765402793884277       ,1.6793460845947266     ,-0.04558228701353073    ,-0.019696976989507675   ,-0.30350303649902344 ,0.4497371315956116     ,-4.4855499267578125   ,0.28908824920654297
2.1                  ,0.3861847519874573     ,-1.0780422687530518     ,-1.7573051452636719    ,-0.02875041589140892    ,-0.026771504431962967   ,-0.32542896270751953 ,-1.1382737159729004    ,4.6949663162231445    ,0.886591911315918
2.1166666666666667   ,-5.785595893859863     ,-3.9088807106018066     ,-0.0028657913208007812 ,-0.04221999645233154    ,-0.019316334277391434   ,-0.30853843688964844 ,-1.034132480621338     ,8.179079055786133     ,-1.0820932388305664
2.1333333333333333   ,-1.5660102367401123    ,-2.5149827003479004     ,-0.4106912612915039    ,-0.025733206421136856   ,-0.032227396965026855   ,-0.29892444610595703 ,-0.5045136213302612    ,-4.2576141357421875   ,-0.24395179748535156
2.15                 ,6.635802268981934      ,5.1782026290893555      ,-0.058704376220703125  ,-0.0422632172703743     ,-0.020374786108732224   ,-0.31473636627197266 ,3.812377452850342      ,-8.130413055419922    ,0.929438591003418
2.1666666666666665   ,2.3849363327026367     ,0.9788163900375366      ,-0.8879518508911133    ,-0.042419493198394775   ,-0.014699356630444527   ,-0.31774139404296875 ,-1.1842823028564453    ,-0.04801415652036667  ,-0.5118389129638672
2.183333333333333    ,-3.8653159141540527    ,-2.634150981903076      ,1.1943416595458984     ,-0.044914133846759796   ,-0.013237008824944496   ,-0.2952690124511719  ,-0.1766858696937561    ,6.598221778869629     ,-0.8427276611328125
2.2                  ,-2.7567038536071777    ,-2.6182518005371094     ,1.2553434371948242     ,-0.05707348883152008    ,-0.02003777027130127    ,-0.3290090560913086  ,-1.0213022232055664    ,0.6671220064163208    ,-1.1373777389526367
2.216666666666667    ,4.977670669555664      ,3.087385654449463       ,-0.0021791458129882812 ,-0.03799913078546524    ,-0.038877151906490326   ,-0.3071174621582031  ,1.6590394973754883     ,-5.65144157409668     ,2.3592443466186523
2.2333333333333334   ,2.781249523162842      ,1.681562900543213       ,-0.7216053009033203    ,-0.0448150709271431     ,-0.03185872733592987    ,-0.31497764587402344 ,-0.17552784085273743   ,-1.479954481124878    ,-0.05144786834716797
2.25                 ,-5.1869916915893555    ,-2.733715057373047      ,0.6564788818359375     ,-0.049736395478248596   ,-0.025982189923524857   ,-0.3166999816894531  ,-0.9953595399856567    ,7.438136100769043     ,-0.24289321899414062
2.2666666666666666   ,-1.7347874641418457    ,-1.8225090503692627     ,1.3465585708618164     ,-0.04458651691675186    ,-0.02911757305264473    ,-0.32789134979248047 ,-0.4627144932746887    ,-1.793954849243164    ,0.5338134765625
2.283333333333333    ,2.149109363555908      ,1.5859174728393555      ,-0.3239288330078125    ,-0.04967743158340454    ,-0.020882461220026016   ,-0.3098888397216797  ,4.306812286376953      ,-8.556245803833008    ,0.3911285400390625
2.3                  ,2.178121566772461      ,2.0435256958007812      ,-0.6566667556762695    ,-0.04269757866859436    ,-0.023663822561502457   ,-0.28230953216552734 ,-0.6326696872711182    ,0.7904527187347412    ,-1.172471046447754
2.316666666666667    ,-1.4863677024841309    ,-0.8412700891494751     ,-1.156355857849121     ,-0.048565126955509186   ,-0.0027463664300739765  ,-0.29912281036376953 ,-0.8272963762283325    ,-1.3812777996063232   ,-1.3699874877929688
2.3333333333333335   ,0.9134335517883301     ,1.4064545631408691      ,1.234757423400879      ,-0.04595111310482025    ,-0.01763540506362915    ,-0.2954540252685547  ,1.0034282207489014     ,-7.466401100158691    ,8.186235427856445
2.35                 ,0.6222385168075562     ,-0.8003814220428467     ,-1.5036535263061523    ,-0.03516499698162079    ,-0.020124521106481552   ,-0.33961963653564453 ,-0.08499090373516083   ,28.04871368408203     ,-17.148963928222656
2.3666666666666667   ,-1.0598139762878418    ,-1.9577717781066895     ,2.987638473510742      ,-0.037825874984264374   ,-0.028102152049541473   ,-0.4270648956298828  ,6.567134857177734      ,-20.401302337646484   ,4.4351806640625
2.3833333333333333   ,0.9147375822067261     ,1.035919427871704       ,-0.32416534423828125   ,-0.026250004768371582   ,0.0648479163646698      ,-0.12932777404785156 ,-1.558542251586914     ,1.5704703330993652    ,-1.2928571701049805
2.4                  ,-0.6937966346740723    ,-0.7660075426101685     ,0.9255571365356445     ,-0.03134272247552872    ,-0.038547299802303314   ,-0.35573768615722656 ,-2.0706138610839844    ,-1.1567530632019043   ,-3.3273606300354004
2.4166666666666665   ,-0.2466590702533722    ,0.8319947719573975      ,0.5716791152954102     ,-0.03971576690673828    ,-0.03421922028064728    ,-0.3030691146850586  ,-2.5732364654541016    ,5.455252647399902     ,-2.5175766944885254
2.433333333333333    ,1.9154033660888672     ,3.1153650283813477      ,0.545710563659668      ,-0.048791997134685516   ,-0.07197417318820953    ,-0.27024078369140625 ,3.5000858306884766     ,-10.22641372680664    ,3.29117488861084
2.45                 ,0.07930435240268707    ,0.34865373373031616     ,0.9488410949707031     ,-0.032960906624794006   ,-0.005547849461436272   ,-0.3084726333618164  ,-2.601147174835205     ,8.293703079223633     ,-1.1765308380126953
2.466666666666667    ,0.8213305473327637     ,0.7045289278030396      ,-1.3546228408813477    ,-0.05882593244314194    ,0.008532488718628883    ,-0.33892345428466797 ,-0.0475168377161026    ,-2.1673641204833984   ,0.8391399383544922
2.4833333333333334   ,0.4338545799255371     ,0.26143115758895874     ,0.6318359375           ,-0.05523534119129181    ,-0.02277422696352005    ,-0.31014442443847656 ,3.5927319526672363     ,-7.6189985275268555   ,2.2055959701538086
2.5                  ,-0.5618326663970947    ,-0.3137829899787903     ,1.2148551940917969     ,-0.04031451791524887    ,-0.032677389681339264   ,-0.28813934326171875 ,-1.787144660949707     ,5.546784400939941     ,-0.7790193557739258
2.5166666666666666   ,0.15620240569114685    ,-1.8093981742858887     ,0.09772396087646484    ,-0.04435209184885025    ,-0.029133107513189316   ,-0.29293060302734375 ,0.6496888399124146     ,-1.6272766590118408   ,-0.2521934509277344
2.533333333333333    ,2.0953617095947266     ,0.08678433299064636     ,-0.06931209564208984   ,-0.047729045152664185   ,-0.015082797035574913   ,-0.2973346710205078  ,6.727738946210593e-05  ,0.7802093029022217    ,1.3387012481689453
2.55                 ,2.87794828414917       ,-1.3957946300506592     ,-1.5470304489135742    ,-0.04842592030763626    ,-0.009125977754592896   ,-0.34062767028808594 ,0.566643476486206      ,-0.4189378619194031   ,-2.9326157569885254
2.566666666666667    ,-2.2637476921081543    ,-1.1589515209197998     ,-2.1350150108337402    ,-0.0454801470041275     ,-0.036770351231098175   ,-0.2945127487182617  ,1.044071912765503      ,-0.3665826916694641   ,0.5532979965209961
2.5833333333333335   ,-1.0026257038116455    ,0.2828328609466553      ,0.4098329544067383     ,-0.04098959267139435    ,-0.011676030233502388   ,-0.32088375091552734 ,-0.7811603546142578    ,0.708511233329773     ,-0.2722654342651367
2.6                  ,-0.1557016670703888    ,0.7883566617965698      ,1.3733501434326172     ,-0.037039756774902344   ,-0.026165969669818878   ,-0.31963253021240234 ,-1.3530614376068115    ,0.40770941972732544   ,1.984532356262207
2.6166666666666667   ,0.44627177715301514    ,0.4460952877998352      ,0.4510173797607422     ,-0.04442600905895233    ,-0.021677151322364807   ,-0.30956554412841797 ,-0.05671016871929169   ,-0.013587802648544312 ,-0.2192983627319336
2.6333333333333333   ,-0.036581456661224365  ,-0.004811074584722519   ,0.1484537124633789     ,-0.029683511704206467   ,-0.013500852510333061   ,-0.3125476837158203  ,-0.028249327093362808  ,-0.010100113227963448 ,-0.2269144058227539
2.65                 ,0.00573675986379385    ,-0.029501229524612427   ,0.008134841918945312   ,-0.03899592161178589    ,-0.02918544039130211    ,-0.3170337677001953  ,0.006520260125398636   ,0.003632024396210909  ,-0.1106252670288086
2.6666666666666665   ,-0.04727959632873535   ,-0.02372448891401291    ,0.07178878784179688    ,-0.05052590370178223    ,0.014281254261732101    ,-0.22313785552978516 ,-0.019674792885780334  ,-0.037866219878196716 ,-0.254974365234375
2.683333333333333    ,-0.08330070972442627   ,-0.00928446277976036    ,0.15024662017822266    ,-0.07319062948226929    ,0.008482273668050766    ,-0.3772754669189453  ,-0.05781293660402298   ,0.009398313239216805  ,-0.21144866943359375
2.7                  ,-0.037909530103206635  ,-0.02911573275923729    ,0.13140487670898438    ,-0.028524506837129593   ,-0.04850708693265915    ,-0.31771183013916016 ,-0.051513634622097015  ,-0.017057813704013824 ,-0.22623062133789062
2.716666666666667    ,-0.03987829387187958   ,-0.027429286390542984   ,0.13079452514648438    ,-0.04466012120246887    ,-0.06582774221897125    ,-0.3114442825317383  ,-0.0509796068072319    ,-0.020348019897937775 ,-0.2581205368041992
2.7333333333333334   ,-0.03543791174888611   ,-0.004822961986064911   ,0.11970043182373047    ,-0.037345148622989655   ,-0.0051936861127614975  ,-0.3316516876220703  ,-0.06964918971061707   ,-0.02153661847114563  ,-0.2678203582763672
2.75                 ,-0.012461481615900993  ,0.009582677856087685    ,0.14528179168701172    ,-0.03252342343330383    ,-0.022675201296806335   ,-0.31134986877441406 ,-0.0023927357979118824 ,-0.04417571425437927  ,-0.24474620819091797
2.7666666666666666   ,-0.016168829053640366  ,-0.010555803775787354   ,0.12565898895263672    ,0.2081303894519806      ,-0.6339224576950073     ,-0.32578468322753906 ,-0.067447230219841     ,-0.04439215362071991  ,-0.2437114715576172
2.783333333333333    ,-0.03568847477436066   ,0.018549393862485886    ,0.1316995620727539     ,-0.04800479859113693    ,-0.01216747984290123    ,-0.32960033416748047 ,-0.04799327254295349   ,-0.03252463787794113  ,-0.1898336410522461
2.8                  ,-0.012757858261466026  ,-0.00036295008612796664 ,0.12432193756103516    ,-0.05344963073730469    ,0.018788602203130722    ,-0.3141822814941406  ,-0.015317261219024658  ,-0.06491738557815552  ,-0.2124652862548828
2.816666666666667    ,0.013907374814152718   ,0.006637705489993095    ,0.11375045776367188    ,-0.16068583726882935    ,0.388230562210083       ,-0.2612133026123047  ,-0.00467907078564167   ,-0.03731159865856171  ,-0.2800779342651367
2.8333333333333335   ,-0.018989816308021545  ,-0.03240474313497543    ,0.10137367248535156    ,0.09416486322879791     ,-0.3119578957557678     ,-0.3415079116821289  ,-0.06809835135936737   ,-0.07836464047431946  ,-0.1867237091064453
2.85                 ,-0.056105323135852814  ,0.014522628858685493    ,0.13971328735351562    ,-0.017677240073680878   ,-0.002638074569404125   ,-0.3289165496826172  ,-0.037082262337207794  ,-0.07005900144577026  ,-0.25389957427978516
2.8666666666666667   ,-0.057653091847896576  ,0.017277423292398453    ,0.14240646362304688    ,-0.0426190048456192     ,-0.02634716033935547    ,-0.3260774612426758  ,-0.05117315053939819   ,-0.05054856091737747  ,-0.2196636199951172
2.8833333333333333   ,-0.022562388330698013  ,-0.005418379791080952   ,0.115936279296875      ,-0.05022943764925003    ,-0.014140669256448746   ,-0.33334827423095703 ,-0.06849992275238037   ,-0.0675530731678009   ,-0.23398399353027344
2.9                  ,-0.0376463308930397    ,0.0016980208456516266   ,0.1410226821899414     ,-0.04140552133321762    ,-0.005135412327945232   ,-0.33273887634277344 ,-0.06611190736293793   ,-0.058973222970962524 ,-0.22926902770996094
2.9166666666666665   ,-0.027299441397190094  ,-0.010820876806974411   ,0.1395864486694336     ,-0.007755815051496029   ,-0.056566834449768066   ,-0.3163175582885742  ,-0.058804191648960114  ,-0.056725919246673584 ,-0.25528621673583984
2.933333333333333    ,-0.03928676247596741   ,-0.012619087472558022   ,0.14047622680664062    ,-0.025750115513801575   ,-0.020568862557411194   ,-0.30542850494384766 ,-0.0830017626285553    ,-0.066934734582901    ,-0.23670482635498047
2.95                 ,-0.020900584757328033  ,-0.015513928607106209   ,0.1287832260131836     ,-0.008981315419077873   ,-0.021042242646217346   ,-0.3124408721923828  ,-0.05413057655096054   ,-0.07493242621421814  ,-0.2275838851928711
2.966666666666667    ,-0.0310027077794075    ,-0.0122920460999012     ,0.15255260467529297    ,-0.03491734713315964    ,-0.009052326902747154   ,-0.3057670593261719  ,-0.07520489394664764   ,-0.04961394518613815  ,-0.22315216064453125
2.9833333333333334   ,-0.029056530445814133  ,0.0013536084443330765   ,0.11699104309082031    ,-0.046490028500556946   ,-0.01949438452720642    ,-0.3146324157714844  ,-0.07189832627773285   ,-0.0713772177696228   ,-0.2751741409301758
3.0                  ,-0.0441521555185318    ,0.00012863869778811932  ,0.13316726684570312    ,-0.014438720420002937   ,-0.0060134027153253555  ,-0.32628631591796875 ,-0.07854072749614716   ,-0.06154797226190567  ,-0.24755382537841797
3.0166666666666666   ,-0.019899267703294754  ,0.01678740233182907     ,0.14082622528076172    ,-0.023303739726543427   ,-0.007941240444779396   ,-0.31342411041259766 ,-0.0710139125585556    ,-0.05617567151784897  ,-0.22212886810302734
3.033333333333333    ,-0.03331197053194046   ,0.0023232214152812958   ,0.1313161849975586     ,-0.009374083951115608   ,-0.028920963406562805   ,-0.3153839111328125  ,-0.06718683242797852   ,-0.06511031091213226  ,-0.25353145599365234
3.05                 ,-0.03027694672346115   ,0.017202772200107574    ,0.11899375915527344    ,-0.007996559143066406   ,-0.010015953332185745   ,-0.3100872039794922  ,-0.0884796679019928    ,-0.08163799345493317  ,-0.2414999008178711
3.066666666666667    ,-0.03484790027141571   ,0.006877221167087555    ,0.1356658935546875     ,-0.012798324227333069   ,-0.00923856534063816    ,-0.33181190490722656 ,-0.07035446166992188   ,-0.08288721740245819  ,-0.2275104522705078
3.0833333333333335   ,-0.030835699290037155  ,0.012501148506999016    ,0.13094711303710938    ,-0.02373616024851799    ,-0.014627290889620781   ,-0.31526947021484375 ,-0.07040031254291534   ,-0.07656265795230865  ,-0.2261962890625
3.1                  ,-0.03216193616390228   ,-0.0055660586804151535  ,0.14716339111328125    ,-0.02235511690378189    ,-0.00556155014783144    ,-0.30498695373535156 ,-0.0800531804561615    ,-0.08948895335197449  ,-0.2455587387084961
3.1166666666666667   ,-0.035512104630470276  ,-0.007754802703857422   ,0.1426067352294922     ,-0.008815573528409004   ,-0.009888904169201851   ,-0.31085968017578125 ,-0.06730879843235016   ,-0.08006538450717926  ,-0.22855377197265625
3.1333333333333333   ,-0.0270482636988163    ,0.0012632671277970076   ,0.14468860626220703    ,-0.027066119015216827   ,-0.018835514783859253   ,-0.30714988708496094 ,-0.06424902379512787   ,-0.07896213233470917  ,-0.23502254486083984
3.15                 ,-0.032287366688251495  ,0.017892252653837204    ,0.13876056671142578    ,-0.014308677986264229   ,-0.016045808792114258   ,-0.31833457946777344 ,-0.06261429190635681   ,-0.07861530780792236  ,-0.25412559509277344
3.1666666666666665   ,-0.03947257995605469   ,0.012021707370877266    ,0.13568878173828125    ,-0.02869527041912079    ,-0.02772459387779236    ,-0.30374622344970703 ,-0.06340545415878296   ,-0.0902465432882309   ,-0.2178211212158203
3.183333333333333    ,-0.0316009446978569    ,0.011708160862326622    ,0.14981651306152344    ,-0.016769275069236755   ,-0.01471361331641674    ,-0.3179759979248047  ,-0.07707247138023376   ,-0.09300239384174347  ,-0.2377796173095703
3.2                  ,-0.021578744053840637  ,0.00018403498688712716  ,0.12176513671875       ,-0.02465735375881195    ,-0.013778982684016228   ,-0.314971923828125   ,-0.037722863256931305  ,0.013923125341534615  ,-0.23548030853271484
3.216666666666667    ,-0.026395801454782486  ,-0.002474665641784668   ,0.14329051971435547    ,-0.017914246767759323   ,-0.015651457011699677   ,-0.3021240234375     ,-0.029409758746623993  ,0.010228099301457405  ,-0.21366500854492188
3.2333333333333334   ,-0.024090491235256195  ,0.008976314216852188    ,0.15122413635253906    ,-0.034418195486068726   ,-0.010560732334852219   ,-0.3017110824584961  ,-0.02140488475561142   ,0.023706164211034775  ,-0.2192516326904297
3.25                 ,-0.01329428143799305   ,0.009990420192480087    ,0.1163167953491211     ,-0.027428489178419113   ,-0.013884440064430237   ,-0.3018770217895508  ,-0.04082350432872772   ,0.008809549733996391  ,-0.21039962768554688
3.2666666666666666   ,-0.03565891832113266   ,0.0038947132416069508   ,0.14397335052490234    ,-0.01748283952474594    ,-0.00918525829911232    ,-0.3215169906616211  ,-0.038143470883369446  ,0.0012565793003886938 ,-0.23789024353027344
3.283333333333333    ,-0.014829374849796295  ,0.004855413921177387    ,0.1276254653930664     ,-0.012645818293094635   ,-0.011863822117447853   ,-0.28209781646728516 ,-0.035503000020980835  ,0.03104594349861145   ,-0.2319793701171875
3.3                  ,-0.026572998613119125  ,-0.0027962587773799896  ,0.1484222412109375     ,-0.023354217410087585   ,0.002654865849763155    ,-0.31549644470214844 ,-0.04688633233308792   ,0.012055611237883568  ,-0.25844383239746094
3.316666666666667    ,-0.0366593673825264    ,0.002538471482694149    ,0.13405418395996094    ,-0.015427561476826668   ,-0.003859248012304306   ,-0.30770111083984375 ,-0.028166744858026505  ,0.015078715980052948  ,-0.2407522201538086
3.3333333333333335   ,-0.032804593443870544  ,0.014684619382023811    ,0.13413524627685547    ,-0.01682264730334282    ,-0.015380803495645523   ,-0.30301666259765625 ,-0.03849922865629196   ,0.01252969540655613   ,-0.24297809600830078
3.35                 ,-0.017385166138410568  ,0.0021795653738081455   ,0.13829803466796875    ,-0.030656401067972183   ,-0.001983111724257469   ,-0.2912464141845703  ,-0.03602024167776108   ,0.010876551270484924  ,-0.2253437042236328
3.3666666666666667   ,-0.03930113464593887   ,0.008536428213119507    ,0.14901065826416016    ,-0.033642470836639404   ,0.0035904981195926666   ,-0.31179332733154297 ,-0.035213299095630646  ,0.038033075630664825  ,-0.2282571792602539
3.3833333333333333   ,-0.011531837284564972  ,0.008313445374369621    ,0.11215400695800781    ,-0.01715366169810295    ,-0.01889565959572792    ,-0.3347768783569336  ,-0.04881788045167923   ,0.036240413784980774  ,-0.23474884033203125
3.4                  ,-0.0364207848906517    ,0.008804760873317719    ,0.12465572357177734    ,-0.014978140592575073   ,0.019178688526153564    ,-0.30300140380859375 ,-0.06215837597846985   ,0.0184275284409523    ,-0.22657108306884766
3.4166666666666665   ,-0.0032234624959528446 ,-0.006240697577595711   ,0.12385272979736328    ,-0.02038535103201866    ,-0.023131519556045532   ,-0.29882144927978516 ,-0.031247612088918686  ,0.008057085797190666  ,-0.2459259033203125
3.433333333333333    ,-0.0265776626765728    ,0.01916787028312683     ,0.13675689697265625    ,-0.048197634518146515   ,0.012712452560663223    ,-0.3094520568847656  ,-0.055665574967861176  ,0.01872771978378296   ,-0.23193359375
3.45                 ,-0.02978978306055069   ,0.0070794373750686646   ,0.12891578674316406    ,-0.010418372228741646   ,-0.013864180073142052   ,-0.2891874313354492  ,-0.03736773878335953   ,0.0183936208486557    ,-0.22919273376464844
3.466666666666667    ,-0.02453913912177086   ,-0.005564850755035877   ,0.13399887084960938    ,-0.024055078625679016   ,-0.008114226162433624   ,-0.3221120834350586  ,-0.0360979363322258    ,0.01627565547823906   ,-0.2478466033935547
3.4833333333333334   ,-0.016210366040468216  ,0.009664559736847878    ,0.13074493408203125    ,-0.011958159506320953   ,0.00733271986246109     ,-0.3071012496948242  ,-0.046784378588199615  ,0.03917772322893143   ,-0.28643226623535156
3.5                  ,-0.02838299050927162   ,0.013038257136940956    ,0.12357616424560547    ,-0.021674666553735733   ,-0.03343398869037628    ,-0.27542972564697266 ,-0.04339124262332916   ,0.03888217359781265   ,-0.24730777740478516
3.5166666666666666   ,-0.030395865440368652  ,0.018746856600046158    ,0.13337326049804688    ,-0.03219309449195862    ,0.014813313260674477    ,-0.3043651580810547  ,-0.059877485036849976  ,0.03563303500413895   ,-0.2541494369506836
3.533333333333333    ,-0.031628742814064026  ,-0.0005989937344565988  ,0.1444864273071289     ,-0.02072669193148613    ,-0.011798536404967308   ,-0.29175758361816406 ,-0.05254977196455002   ,0.013802511617541313  ,-0.21943187713623047
3.55                 ,-0.01018504612147808   ,0.009276576340198517    ,0.1283130645751953     ,-0.0014293582644313574  ,-0.005812160670757294   ,-0.29358673095703125 ,-0.028667688369750977  ,0.01337084174156189   ,-0.21661376953125
3.566666666666667    ,-0.02234744280576706   ,0.010735955089330673    ,0.12622547149658203    ,-0.04118768870830536    ,0.009320992976427078    ,-0.3190326690673828  ,-0.02451224997639656   ,0.0005276092560961843 ,-0.24745941162109375
3.5833333333333335   ,-0.017049934715032578  ,0.0030187168158590794   ,0.1533498764038086     ,-0.032854750752449036   ,-0.002352106850594282   ,-0.3001585006713867  ,-0.04640691727399826   ,0.014103220775723457  ,-0.26091957092285156
3.6                  ,-0.021876350045204163  ,0.007602604106068611    ,0.14479732513427734    ,-0.02665182203054428    ,0.010911259800195694    ,-0.31525707244873047 ,-0.04264722019433975   ,0.011206865310668945  ,-0.25040149688720703
3.6166666666666667   ,-0.007497237995266914  ,-0.009427957236766815   ,0.1342639923095703     ,-0.029450424015522003   ,-0.012431668117642403   ,-0.29579925537109375 ,-0.051128968596458435  ,0.0062376391142606735 ,-0.2594146728515625
3.6333333333333333   ,-0.00930742546916008   ,-0.0026538181118667126  ,0.12311077117919922    ,-0.016769226640462875   ,0.006966199725866318    ,-0.30684757232666016 ,-0.055535025894641876  ,0.019527465105056763  ,-0.24109268188476562
3.65                 ,-0.01909089833498001   ,0.014589443802833557    ,0.1462116241455078     ,-0.023576654493808746   ,0.004739158786833286    ,-0.3142585754394531  ,-0.03390619158744812   ,0.02023398131132126   ,-0.22467041015625
3.6666666666666665   ,-0.0065131038427352905 ,0.02053767442703247     ,0.13899612426757812    ,-0.014845164492726326   ,0.00664886087179184     ,-0.3048534393310547  ,-0.03797578811645508   ,0.011254167184233665  ,-0.22410106658935547
3.683333333333333    ,0.00113804847933352    ,0.0037542772479355335   ,0.14339065551757812    ,-0.012998640537261963   ,0.0004921614890918136   ,-0.3068685531616211  ,-0.051914289593696594  ,0.0018747812137007713 ,-0.22039222717285156
3.7                  ,-0.01713469997048378   ,0.00308030191808939     ,0.1008462905883789     ,-0.005474851466715336   ,-0.003323501441627741   ,-0.30626678466796875 ,-0.051823630928993225  ,0.013065829873085022  ,-0.24994659423828125
3.716666666666667    ,-0.01750033348798752   ,0.005532112903892994    ,0.12753009796142578    ,-0.006747695617377758   ,-0.0005610454827547073  ,-0.28989601135253906 ,-0.03835390508174896   ,0.00586768239736557   ,-0.2523660659790039
3.7333333333333334   ,-0.013545870780944824  ,-0.008524693548679352   ,0.15785503387451172    ,-0.028477992862462997   ,0.002202112227678299    ,-0.3281593322753906  ,-0.02540592849254608   ,0.022833727300167084  ,-0.22332382202148438
3.75                 ,-0.01522853970527649   ,0.0017876564525067806   ,0.1284952163696289     ,-0.0164853036403656     ,0.004393754526972771    ,-0.32522106170654297 ,-0.03853074461221695   ,0.005942448042333126  ,-0.23328304290771484
3.7666666666666666   ,-0.02583010122179985   ,0.004136553965508938    ,0.1381702423095703     ,-0.026169180870056152   ,-0.0013696453534066677  ,-0.31127452850341797 ,-0.03865679353475571   ,-0.008306264877319336 ,-0.24135589599609375
3.783333333333333    ,-0.007388654164969921  ,0.011000029742717743    ,0.12972545623779297    ,-0.02243681624531746    ,-0.0073853954672813416  ,-0.3039703369140625  ,-0.015073629096150398  ,0.006664743646979332  ,-0.22986602783203125
3.8                  ,-0.02140073850750923   ,-0.0017101254779845476  ,0.14512062072753906    ,-0.007498419843614101   ,0.00455926638096571     ,-0.29770469665527344 ,-0.03771062195301056   ,-0.005602767691016197 ,-0.2517871856689453
3.816666666666667    ,-0.016109488904476166  ,0.013397429138422012    ,0.1245737075805664     ,-0.0006181739736348391  ,0.014397908002138138    ,-0.3119344711303711  ,-0.027956657111644745  ,0.010880937799811363  ,-0.24727249145507812
3.8333333333333335   ,-0.02515968307852745   ,-0.00448851753026247    ,0.13303661346435547    ,-0.01827956736087799    ,0.006431850604712963    ,-0.3111743927001953  ,-0.03849409520626068   ,0.00875077210366726   ,-0.24142169952392578
3.85                 ,-0.013607464730739594  ,-0.01572991907596588    ,0.1376819610595703     ,-0.03397846966981888    ,0.005403823219239712    ,-0.31493473052978516 ,-0.03594343364238739   ,-0.007493495009839535 ,-0.24761199951171875
3.8666666666666667   ,-0.016407154500484467  ,0.005785457789897919    ,0.1366109848022461     ,-0.008766017854213715   ,-0.0026222816668450832  ,-0.3149433135986328  ,-0.023394927382469177  ,0.010557375848293304  ,-0.2214221954345703
3.8833333333333333   ,-0.005041898228228092  ,-0.002632130403071642   ,0.12064933776855469    ,-0.027128200978040695   ,-0.00860116258263588    ,-0.30551910400390625 ,-0.04380252957344055   ,0.011544160544872284  ,-0.24266338348388672
3.9                  ,-0.004253728315234184  ,0.006392979994416237    ,0.1416177749633789     ,-0.017568208277225494   ,-0.003342496231198311   ,-0.3386268615722656  ,-0.02096761018037796   ,0.01165170967578888   ,-0.21248817443847656
3.9166666666666665   ,-0.004894552752375603  ,-0.008399086073040962   ,0.14125919342041016    ,-0.022810067981481552   ,-0.019076965749263763   ,-0.3209800720214844  ,-0.03592582046985626   ,0.013738321140408516  ,-0.22759437561035156
3.933333333333333    ,-0.021552305668592453  ,0.0034892396070063114   ,0.11064434051513672    ,-0.018013138324022293   ,-0.00021304277470335364 ,-0.32421875          ,-0.03441334515810013   ,0.0060079023241996765 ,-0.2726707458496094
3.95                 ,-0.013838624581694603  ,-0.00814145803451538    ,0.1317901611328125     ,-0.020863179117441177   ,0.001018530922010541    ,-0.2917213439941406  ,-0.019984737038612366  ,0.010875210165977478  ,-0.2464008331298828
3.966666666666667    ,-0.0008045278955250978 ,-0.0005351528525352478  ,0.13706588745117188    ,-0.007504405453801155   ,-0.01641523838043213    ,-0.2912178039550781  ,-0.03967493772506714   ,0.005589412525296211  ,-0.2388753890991211
3.9833333333333334   ,-0.007535013370215893  ,0.010093258693814278    ,0.12874507904052734    ,-0.025979697704315186   ,0.009053532034158707    ,-0.3086700439453125  ,-0.04137330502271652   ,0.015739858150482178  ,-0.22794437408447266
4.0                  ,-0.027992550283670425  ,0.002933328039944172    ,0.13700199127197266    ,-0.003071368206292391   ,-0.01360289379954338    ,-0.33223628997802734 ,-0.03180086612701416   ,-0.005047023296356201 ,-0.2699699401855469
